[
    {
        "shopName":"圣卡斯国际海外专",
        "coupon":"领券",
        "flag":false,
        "value":[
                {
                    "url":"./static/images/shopcar/img1.jpg",
                    "theme":"nu-lax乐康膏500g澳洲果蔬膏防便秘膳食纤维粉清肠排宿便",
                    "tax":"进口税：预计9.40",
                    "limted":"限购22件",
                    "price":79,
                    "cost":199,
                    "count":1,
                    "flag":false
                }
        ]
    },
    {
        "shopName":"AEON官方海外旗舰",
        "coupon":"领券",
        "flag":false,
        "value":[
                {
                    "url":"./static/images/shopcar/img2.jpg",
                    "theme":"nu-lax乐康膏500g澳洲果蔬膏防便秘膳食纤维粉清肠排宿便",
                    "tax":"进口税：预计8.93",
                    "limted":"已降24.00",
                    "price":75,
                    "cost":99,
                    "count":1,
                    "flag":false
                }
        ]
    },
    {
        "shopName":"肚肚腩创意文具店",
        "coupon":"领券",
        "flag":false,
        "value":[
                {
                    "url":"./static/images/shopcar/img3.jpg",
                    "theme":"nu-lax乐康膏500g澳洲果蔬膏防便秘膳食纤维粉清肠排宿便",
                    "tax":"走进宫崎骏通话的世界30张",
                    "limted":"",
                    "price":9.9,
                    "cost":24,
                    "count":1,
                    "flag":false
                },
                {
                    "url":"./static/images/shopcar/img4.jpg",
                    "theme":"nu-lax乐康膏500g澳洲果蔬膏防便秘膳食纤维粉清肠排宿便",
                    "tax":"天蓝色",
                    "limted":"",
                    "price":10.9,
                    "cost":25,
                    "count":1,
                    "flag":false
                }
        ]
    },
    {
        "shopName":"樱田川岛",
        "coupon":"领券",
        "flag":false,
        "value":[
                {
                    "url":"./static/images/shopcar/img5.jpg",
                    "theme":"nu-lax乐康膏500g澳洲果蔬膏防便秘膳食纤维粉清肠排宿便",
                    "tax":"杏色；均码",
                    "limted":"",
                    "price":118.82,
                    "cost":128.8,
                    "count":1,
                    "flag":false
                }
        ]
    },
    {
        "shopName":"YULKIXIAOSHU小树家",
        "coupon":"领券",
        "flag":false,
        "value":[
                {
                    "url":"./static/images/shopcar/img6.jpg",
                    "theme":"nu-lax乐康膏500g澳洲果蔬膏防便秘膳食纤维粉清肠排宿便",
                    "tax":"粉色；均码",
                    "limted":"",
                    "price":149.9,
                    "cost":259.9,
                    "count":1,
                    "flag":false
                },
                {
                    "url":"./static/images/shopcar/img7.jpg",
                    "theme":"nu-lax乐康膏500g澳洲果蔬膏防便秘膳食纤维粉清肠排宿便",
                    "tax":"浅卡其色；均码",
                    "limted":"",
                    "price":239.9,
                    "cost":249.9,
                    "count":1,
                    "flag":false
                }
        ]
    },
    {
        "shopName":"Lazy赛小懒",
        "coupon":"领券",
        "flag":false,
        "value":[
                {
                    "url":"./static/images/shopcar/img8.jpg",
                    "theme":"nu-lax乐康膏500g澳洲果蔬膏防便秘膳食纤维粉清肠排宿便",
                    "tax":"藕色；均码",
                    "limted":"",
                    "price":198.9,
                    "cost":248,
                    "count":1,
                    "flag":false
                }
        ]
    },
    {
        "shopName":"小宣实拍 欧韩店",
        "coupon":"领券",
        "flag":false,
        "value":[
                {
                    "url":"./static/images/shopcar/img9.jpg",
                    "theme":"nu-lax乐康膏500g澳洲果蔬膏防便秘膳食纤维粉清肠排宿便",
                    "tax":"黑色；M",
                    "limted":"",
                    "price":159,
                    "cost":228,
                    "count":1,
                    "flag":false
                }
        ]
    },
    {
        "shopName":"六六欧美潮流馆",
        "coupon":"领券",
        "flag":false,
        "value":[
                {
                    "url":"./static/images/shopcar/img10.jpg",
                    "theme":"nu-lax乐康膏500g澳洲果蔬膏防便秘膳食纤维粉清肠排宿便",
                    "tax":"黑色；2XL",
                    "limted":"",
                    "price":78,
                    "cost":108,
                    "count":1,
                    "flag":false
                }
        ]
    },
    {
        "shopName":"大Sim小Sim小清新",
        "coupon":"领券",
        "flag":false,
        "value":[
                {
                    "url":"./static/images/shopcar/img11.jpg",
                    "theme":"nu-lax乐康膏500g澳洲果蔬膏防便秘膳食纤维粉清肠排宿便",
                    "tax":"黑色；L",
                    "limted":"",
                    "price":53.6,
                    "cost":59.8,
                    "count":1,
                    "flag":false
                }
        ]
    },
    {
        "shopName":"日韩淑女衣柜",
        "coupon":"领券",
        "flag":false,
        "value":[
                {
                    "url":"./static/images/shopcar/img12.jpg",
                    "theme":"nu-lax乐康膏500g澳洲果蔬膏防便秘膳食纤维粉清肠排宿便",
                    "tax":"黑色【秋装】；XL",
                    "limted":"",
                    "price":47,
                    "cost":158,
                    "count":1,
                    "flag":false
                }
        ]
    },
    {
        "shopName":"棉衣阁女装",
        "coupon":"领券",
        "flag":false,
        "value":[
                {
                    "url":"./static/images/shopcar/img13.jpg",
                    "theme":"nu-lax乐康膏500g澳洲果蔬膏防便秘膳食纤维粉清肠排宿便",
                    "tax":"浅蓝色：XL",
                    "limted":"",
                    "price":39.9,
                    "cost":198,
                    "count":1,
                    "flag":false
                },
                {
                    "url":"./static/images/shopcar/img14.jpg",
                    "theme":"nu-lax乐康膏500g澳洲果蔬膏防便秘膳食纤维粉清肠排宿便",
                    "tax":"浅蓝色：XL",
                    "limted":"",
                    "price":49,
                    "cost":198,
                    "count":1,
                    "flag":false
                }
        ]
    },
    {
        "shopName":"小麋人原创手工纯银",
        "coupon":"领券",
        "flag":false,
        "value":[
                {
                    "url":"./static/images/shopcar/img15.jpg",
                    "theme":"nu-lax乐康膏500g澳洲果蔬膏防便秘膳食纤维粉清肠排宿便",
                    "tax":"",
                    "limted":"",
                    "price":55,
                    "cost":75,
                    "count":1,
                    "flag":false
                },
                {
                    "url":"./static/images/shopcar/img16.jpg",
                    "theme":"nu-lax乐康膏500g澳洲果蔬膏防便秘膳食纤维粉清肠排宿便",
                    "tax":"大款（一对）",
                    "limted":"",
                    "price":19.8,
                    "cost":29.8,
                    "count":1,
                    "flag":false
                }
        ]
    },
    {
        "shopName":"chicktown女装馆",
        "coupon":"领券",
        "flag":false,
        "value":[
                {
                    "url":"./static/images/shopcar/img17.jpg",
                    "theme":"nu-lax乐康膏500g澳洲果蔬膏防便秘膳食纤维粉清肠排宿便",
                    "tax":"军绿色；均码",
                    "limted":"库存紧张",
                    "price":279,
                    "cost":499,
                    "count":1,
                    "flag":false
                }
        ]
    }
]